max_error_x,max_error_y,max_error_norm,max_error_theta,cent_error_x,cent_error_y,cent_error_norm,cent_error_theta
-0.0911031, 0.000194788, 0.0911033, -0.00243235, -0.183996, 0.000576496, 0.183997, -0.000609875
0.00330615, -7.98702e-05, 0.00330712, -0.00108838, -0.0573997, 0.000379562, 0.057401, 0.00292492
-0.13816, 0.000207424, 0.13816, 9.03606e-05, -0.153666, -6.31809e-05, 0.153666, -0.00107938
-0.00880647, -0.00209689, 0.00905267, -0.00165129, -0.217063, -0.000173569, 0.217063, -0.000525236
-0.110561, -0.00284171, 0.110597, 7.43866e-05, -0.171309, -0.000614405, 0.17131, -0.000191927
-0.109198, -0.00506973, 0.109315, -0.00304174, -0.129309, 5.48363e-06, 0.129309, 0.00311637
0.00807595, 0.00739884, 0.0109528, 0.00202918, -0.00130177, 0.00142241, 0.00192817, 0.00455618
-0.119783, -0.00208783, 0.119801, -0.00358421, 0.00384474, 0.00106311, 0.00398901, -0.0035699
-0.0238738, -0.0003829, 0.0238769, -0.000304937, -0.0864406, 0.00133705, 0.0864509, 0.00282741
-0.320441, 0.00598097, 0.320497, 0.00151539, -0.0904667, 0.00155783, 0.0904801, -0.00436664
-0.081478, 0.0120218, 0.0823601, 0.00104713, -0.0480725, 0.00444317, 0.0482774, 0.00486016
-0.0608332, 0.00762701, 0.0613095, -0.000831604, -0.0867743, 4.52995e-05, 0.0867744, 0.00552869
-0.0598943, 0.0048058, 0.0600868, -0.000496626, -0.052821, 0.00143909, 0.0528406, 0.00484306
0.0160213, 0.0041256, 0.0165439, 0.00241214, 0.0321285, 0.000634193, 0.0321347, -0.00139523
-0.0291157, 0.0125473, 0.0317042, 0.0035193, 0.0861338, -0.000197887, 0.0861341, -0.00226814
-0.00731981, 0.00463724, 0.00866508, 0.000907898, 0.0737671, 0.00260949, 0.0738132, 0.00123978
-0.000280619, 0.00373197, 0.0037425, 0.00146389, 0.106794, 0.00302362, 0.106836, -0.00161648
-0.0447266, -0.0167906, 0.0477744, -0.00447494, 0.121809, -0.000167131, 0.121809, -0.00760299
0.0212879, 0.0130546, 0.024972, 0.00330257, 0.127892, 0.00121307, 0.127897, 0.00457668
-0.203837, 0.00634694, 0.203936, 2.45571e-05, -0.00750399, -3.33786e-05, 0.00750406, 0.00314546
0.0393204, 0.00957155, 0.0404686, 0.00405669, 0.133745, -0.00023222, 0.133745, 0.0117788
-0.0148938, 0.00540805, 0.0158452, -0.00177717, 0.15425, -0.00378704, 0.154296, -0.001508
-0.0610706, 0.00746012, 0.0615246, 0.00427675, 0.0832693, -0.000211239, 0.0832696, -0.00145513
-0.139347, -0.013525, 0.140002, -0.00176651, 0.0122543, 0.00143647, 0.0123382, 0.000753164
-0.0206936, -0.0146837, 0.0253739, -0.00732023, -0.0591881, -0.00218344, 0.0592283, 0.00908422
-0.140732, -0.0126712, 0.141301, -0.00914318, -0.0322357, -0.00109482, 0.0322543, 0.00506639
0.0292529, 0.00459433, 0.0296115, 0.00225759, 0.0697897, -0.00386143, 0.0698964, 0.00135756
-0.0375032, -0.0140939, 0.040064, -0.0063076, 0.0910236, 0.00117278, 0.0910311, 0.0110772
0.0345231, 0.0252657, 0.0427808, 0.0149186, 0.027875, -0.00236082, 0.0279748, 0.00622875
0.0474046, 0.0107098, 0.0485994, 0.00135422, 0.103759, -0.00257039, 0.103791, -0.00276119
-0.0410321, 0.00973797, 0.0421718, 0.00255823, 0.0776158, -0.00219822, 0.0776469, 0.00441575
0.0536257, 0.0107894, 0.0547004, 0.00912309, 0.1515, 0.000621557, 0.151501, 0.00976205
-0.0208788, -0.00913882, 0.0227913, -0.0111793, 0.174807, 0.000798464, 0.174809, 0.00304198
-0.031436, -0.00692415, 0.0321896, 0.00141716, 0.114266, -0.00209999, 0.114286, 0.00145054
-0.00699008, -0.00822663, 0.0107953, 0.00781948, 0.148054, -0.000324488, 0.148054, 0.00225043
0.0176987, 0.0133491, 0.0221685, 0.0106996, 0.158111, 0.00175858, 0.158121, 0.00269389
0.000968933, 0.0107508, 0.0107943, -0.00178099, 0.107111, 0.00269341, 0.107145, 0.0031755
0.0501716, 0.00815439, 0.05083, 0.0107482, -0.0241596, 0.00319624, 0.0243701, 0.000986576
-0.00301647, -0.014401, 0.0147135, -0.00166345, 0.0468774, 0.00141978, 0.0468989, -0.000819445
-0.0451168, 0.0068562, 0.0456348, -0.0237064, -0.0335952, 0.0111351, 0.0353925, -0.00647902
-0.0330608, 0.0118542, 0.0351218, 0.0082953, 0.0289268, 0.0113025, 0.0310565, 0.00117373
-0.02299, 0.013844, 0.0268365, -0.0107803, -0.0518295, 0.01087, 0.0529571, -0.00927734
0.0165824, 0.0291095, 0.0335013, 0.00754809, -0.00641966, 0.013289, 0.0147583, 0.000911236
0.0210588, -0.00782394, 0.0224652, -0.00428391, -0.00959468, 0.0149484, 0.0177626, 0.00666029
-0.021427, -0.0108774, 0.0240299, -0.00485355, -0.0237417, 0.00829244, 0.0251482, -0.00983459
-0.0154833, -0.00171852, 0.0155783, -0.00758154, 0.00350165, 0.00488853, 0.00601326, -0.0165485
0.00749266, -0.000935078, 0.00755078, -0.00670559, 0.0300903, 0.00652742, 0.0307902, -0.00665981
0.00253928, 9.29832e-05, 0.00254098, -0.0133393, -0.0252233, 0.0065124, 0.0260504, -0.0124795
-0.0567284, 0.00480056, 0.0569311, -0.0283597, 0.110079, 0.00457358, 0.110174, -0.0176709
0.0229323, 0.0054698, 0.0235756, 0.00960285, 0.0393598, 0.00564766, 0.0397629, -0.00301409
-0.020952, -0.0142884, 0.0253603, -0.00177932, -0.0120285, 0.00327587, 0.0124666, -0.0130256
0.0189142, 0.00804305, 0.0205533, 0.00221205, 0.0584536, 0.00531173, 0.0586944, -0.00717735
0.00454736, 0.00737858, 0.00866729, 0.00396967, 0.0314877, 0.00236702, 0.0315765, 0.00194263
0.0108995, -0.0168879, 0.0200998, 0.00167203, 0.0507317, 0.00141215, 0.0507513, 0.00273848
-0.00396895, 0.00083518, 0.00405588, 0.00666285, -0.0360191, 0.0050211, 0.0363674, -0.00169349
-0.0204134, 0.00628042, 0.0213577, 0.00922561, -0.00438666, 0.00261116, 0.00510499, 0.000355721
-0.130922, 0.00452471, 0.131, -0.00408584, -0.101618, 0.00582695, 0.101785, -0.00296528
-0.0118122, 0.00479722, 0.0127492, 0.000956059, -0.0210321, 0.00664234, 0.0220561, 0.00133038
0.0229616, -0.00955892, 0.0248718, -0.00812387, -0.0426807, 0.00461841, 0.0429299, -0.00564837
-0.00674748, -0.0108936, 0.012814, -0.00158763, 0.0158291, 0.00673342, 0.0172017, -0.00639439
0.00102854, 0.0337195, 0.0337352, 0.00837833, 0.0345547, 0.0067668, 0.0352111, -0.00331187
0.00516582, -0.0134792, 0.0144352, 0.0012207, -0.00489902, 0.0112369, 0.0122584, 9.05991e-06
-0.0132949, 0.0220668, 0.0257624, -0.0020268, -0.00350785, 0.0135012, 0.0139494, 0.00378251
0.0564311, 0.0220294, 0.0605785, 0.0319455, 0.0947263, 0.00902843, 0.0951556, 0.00619078
-0.00149512, 0.0128548, 0.0129415, -0.0113931, 0.0319967, 0.0064702, 0.0326444, -0.00867224
-0.0191238, -0.0112703, 0.0221977, 0.000100613, 0.028724, 0.00456285, 0.0290841, -0.00700504
-0.109672, 0.0343437, 0.114924, 0.0652554, -0.10388, 0.014226, 0.10485, 0.124103
0.022157, -0.00121737, 0.0221904, 0.0115182, -0.0478897, 0.00811696, 0.0485727, -0.0104678
-0.0548811, 0.0390227, 0.0673402, 0.0385551, -0.0586975, 0.0111878, 0.0597542, 0.0949941
0.0684495, 0.0026896, 0.0685023, 0.020978, -0.035295, 0.0136323, 0.0378362, 0.0643048
-0.0216498, 0.0199568, 0.0294447, 0.0101357, -0.0037396, 0.00853848, 0.0093215, 0.0625064
0.0114653, -0.00522566, 0.0126, 0.0178256, 0.0124228, 0.012526, 0.0176416, 0.0249672
0.000553608, 0.0173872, 0.017396, 0.0259709, 0.0309563, -0.00319457, 0.0311207, 0.0494959
0.0691457, -0.0349121, 0.0774595, 0.0320017, 0.0424659, -0.00955081, 0.0435267, 0.0980756
0.0579877, -0.0266035, 0.063799, 0.0143795, 0.042454, -0.00967813, 0.0435432, 0.0598054
0.0296681, -0.0373123, 0.0476697, 0.0194747, 0.0454733, -0.0157568, 0.0481259, 0.0424907
0.0335128, -0.010525, 0.0351267, 0.00842023, 0.0338717, -0.00307894, 0.0340113, -0.0200496
-0.0357425, 0.0610895, 0.0707775, -0.0103406, 0.0378149, 0.00111771, 0.0378314, 0.0224736
0.0441339, -0.00850344, 0.0449456, 0.0165067, 0.034168, 0.0185189, 0.0388639, -0.000403285
-0.0105658, 0.107314, 0.107833, -0.0119686, 0.0246246, 0.0397184, 0.0467324, -0.0501251
-0.0372272, 0.134813, 0.139858, -0.0106647, 0.0297225, 0.0252287, 0.0389861, 0.0175065
0.0158639, -0.0273519, 0.0316194, 0.0102733, 0.0337143, -0.072397, 0.0798622, 0.00925815
0.0241787, -0.01193, 0.0269618, 0.00720775, 0.021894, 0.0102353, 0.0241683, 0.00230873
0.0103188, -0.127168, 0.127586, 0.00306606, 0.0268841, -0.122622, 0.125534, 0.003685
0.0056777, -0.0150325, 0.016069, 0.00367761, 0.0221038, -0.130897, 0.13275, 0.00618708
-0.00827456, -0.025542, 0.0268489, -0.00800622, 0.0227091, -0.113473, 0.115723, 0.0253289
0.0181921, -0.0459812, 0.0494492, 0.00664973, 0.0145156, -0.0978966, 0.0989669, 0.0160832
0.0165699, -0.00641227, 0.0177673, 0.0104839, 0.0100632, -0.0414188, 0.0426237, 0.0178981
0.0156462, -0.022764, 0.0276225, 0.0105258, 0.0104253, -0.101893, 0.102425, 0.0110865
0.000312328, -0.00465655, 0.00466702, 0.00185061, 0.00745988, 0.00573993, 0.00941257, 0.00796747
0.00684261, 0.0156124, 0.017046, 0.00498927, 0.00810766, -0.0904522, 0.0908148, 0.0011121
-0.00173187, -0.0983689, 0.0983841, -0.000962734, 0.00679493, 0.0283356, 0.0291389, 0.000133276
0.00691414, -0.0237453, 0.0247314, 0.00761914, 0.0090642, -0.0504339, 0.0512419, 0.00950015
0.00417137, 0.0638294, 0.0639656, -0.000729442, 0.00599122, 0.0558891, 0.0562093, 0.00730264
0.0130765, -0.0117958, 0.0176107, 0.00683141, 0.00787807, 0.0676122, 0.0680696, 0.00833762
0.0132213, -0.0332077, 0.0357428, 0.00886428, 0.00801826, 0.106804, 0.107105, 0.00503814
-0.0028851, 0.0043447, 0.00521539, -0.00514722, 0.00530791, 0.192004, 0.192078, 0.0038029
0.0265102, -0.0699027, 0.0747608, 0.0071826, 0.0074439, 0.158858, 0.159032, 0.00332153
0.01688, 0.0438963, 0.04703, 0.00596905, 0.00595379, 0.133351, 0.133484, 0.00414515
0.00886822, 0.14877, 0.149034, 0.00742161, 0.00958538, 0.081704, 0.0822644, 0.00811732
0.0112245, 0.0483884, 0.0496732, 0.00514984, 0.00705242, 0.22575, 0.22586, 0.0068469
0.0102904, 0.051209, 0.0522327, 0.00424635, 0.0037632, 0.25758, 0.257607, 0.00412762
-0.000265837, 0.0267878, 0.0267891, -0.00426567, 0.00201964, 0.287758, 0.287765, 0.00116706
0.00379753, 0.374989, 0.375008, -0.00550425, 0.00688791, 0.178979, 0.179112, -0.000469446
-0.00041008, 0.0502787, 0.0502803, 0.000662565, 0.00630212, 0.124375, 0.124535, 0.00392032
0.0075531, 0.0597466, 0.0602222, 0.00303388, 0.00491095, 0.165777, 0.16585, 0.00879228
0.00395823, 0.101156, 0.101233, 0.00632322, 0.0024631, 0.212594, 0.212608, -0.00284362
0.000525475, 0.0436983, 0.0437015, 0.00144994, 0.00406003, 0.114041, 0.114113, 0.00351095
0.00104141, -0.0230157, 0.0230393, 0.00758493, 0.0032742, 0.13964, 0.139678, -0.000953078
0.00709653, -0.0488192, 0.0493323, -0.000791907, 0.00389743, 0.124707, 0.124768, -0.000666618
0.0018177, -0.153648, 0.153659, 0.0016278, 0.00722337, 0.0619832, 0.0624027, 0.015381
-0.003304, -0.0927896, 0.0928484, 0.00223291, 0.00637293, 0.0898437, 0.0900694, 0.00761592
0.0038259, -0.130579, 0.130635, 0.0078187, 0.00706339, 0.0868132, 0.0871001, 0.0134581
-0.0110192, -0.00813627, 0.0136975, -0.0053978, 0.00287652, 0.0778525, 0.0779056, 0.000231862
0.00212836, 0.0273167, 0.0273995, -0.000418067, -0.0028615, 0.114926, 0.114961, -0.00103152
-0.0193479, 0.0603551, 0.0633804, -0.00869429, -0.000272751, 0.0795253, 0.0795257, -0.00151014
0.00422788, -0.0923202, 0.092417, 0.00111115, 0.00174069, 0.029682, 0.029733, -0.0133082
0.012125, -0.251548, 0.25184, 0.00862861, 0.00650883, 0.0172572, 0.0184439, 0.00645435
-0.0138965, -0.0157966, 0.0210391, -0.00531936, 0.0040977, 0.14518, 0.145238, 0.00305569
-0.00952601, 0.0445889, 0.0455952, -0.00893188, 0.00411773, 0.127015, 0.127082, -0.00548315
-0.00936985, -0.0461694, 0.0471105, -0.00579154, 0.00258636, -0.0314545, 0.0315606, -0.00959349
-0.00569534, -0.0045417, 0.0072845, -0.00411773, -0.000264168, -0.00603369, 0.00603947, -0.0149242
-0.0188158, 0.0185848, 0.0264467, -0.00133431, -0.00342131, 0.0259686, 0.026193, -0.00856209
-0.0189419, 0.0122344, 0.0225494, -0.0106882, -0.00158429, -0.0273299, 0.0273758, -0.0186105
-0.00424743, 0.0107723, 0.0115795, 0.00674152, 0.00584006, -0.0256786, 0.0263344, -0.000130177
-0.00256944, -0.00745487, 0.00788525, -0.0126036, 0.00328779, -0.00638551, 0.00718222, -0.0164731
0.0132601, -0.00934923, 0.0162246, 0.0155101, 0.00388288, 0.0138096, 0.0143451, -0.0167006
0.0108166, 0.0109825, 0.0154147, 0.00724471, 0.00353384, 0.00791419, 0.00866732, -0.0145165
0.00414753, 0.0143719, 0.0149584, 0.00479496, 0.00624228, -0.0167909, 0.0179137, -0.00493526
0.00618935, -0.0156105, 0.0167927, 0.0131807, 0.00639939, 0.0305675, 0.0312302, 0.00941813
0.00387764, 0.0103908, 0.0110907, 0.000649691, 0.00695777, 0.0437165, 0.0442668, 0.00731647
0.00379539, -0.0167094, 0.0171351, -0.00289512, 0.00568175, 0.0225433, 0.0232483, -0.0106074
0.00458431, 0.0245311, 0.0249558, 0.0106306, 0.00399685, 0.00958347, 0.0103835, 0.00256658
0.00277424, -0.0104958, 0.0108562, 0.00586748, 0.00551033, 0.0331682, 0.0336228, 0.00648355
0.0207675, 0.0291215, 0.035768, -0.0254351, 0.0083878, -0.122247, 0.122534, 0.0155432
0.00319052, 0.0111871, 0.0116331, -0.00888264, 0.0057888, -0.0491278, 0.0494677, 0.0125854
0.0131447, -0.0458817, 0.0477275, 0.0268371, -0.000268221, -0.124572, 0.124572, 0.00628901
0.00943041, 0.00719631, 0.0118625, -0.00965953, -0.00382805, 0.0212904, 0.0216318, 0.00910497
0.00979376, -0.0060761, 0.0115255, 0.000817537, -0.00631928, -0.0111941, 0.0128546, 0.00781095
0.00423527, -0.03291, 0.0331814, 0.0148689, -0.000633955, -0.112709, 0.112711, 0.00997031
0.0114217, 0.014285, 0.0182898, 0.0126758, 0.000257492, -0.0181946, 0.0181964, 0.00194156
0.0111175, -0.053632, 0.0547722, 0.0176269, 0.00106645, -0.156114, 0.156117, -0.000867486
0.00905108, 0.000731468, 0.00908059, -0.00623417, 0.000291348, -0.00163412, 0.00165989, -0.00692189
-0.0284932, 0.021841, 0.0359011, -0.00813353, 0.00249004, -0.0606861, 0.0607372, -0.00939226
-0.000386238, -0.011451, 0.0114575, -0.00676155, 0.00548506, -0.0442176, 0.0445565, -0.00924611
0.0189211, -0.02215, 0.0291313, 0.0021584, 0.0036366, 0.00986433, 0.0105133, -0.0151432
0.0022018, -0.0342357, 0.0343064, 0.0106244, 0.00614405, -0.0559886, 0.0563247, 0.0122455
-0.00137329, -0.00804996, 0.00816626, -0.000930309, 0.003968, -0.0439024, 0.0440814, 0.0191529
-0.0122471, 0.0324967, 0.0347279, -0.022553, 0.000489712, 0.0560775, 0.0560796, 0.00871885
-0.0109055, 0.00835466, 0.0137379, -0.0105234, 0.00276542, 0.0462298, 0.0463125, -0.00139236
-0.0040822, -0.00959659, 0.0104288, -0.000669241, 0.00138044, -0.0386219, 0.0386466, -0.00117171
-0.00427151, -0.00436282, 0.00610573, -0.0031414, -0.00198698, 0.00290728, 0.00352141, 0.00930858
0.0092659, -0.0234487, 0.0252131, 0.0157535, -0.00160527, -0.0324552, 0.0324949, 0.00168145
0.00314999, 0.0302584, 0.0304219, 0.0695612, -0.003654, 0.0897152, 0.0897896, 0.0907943
0.00208592, 0.0338492, 0.0339134, 0.00448287, -0.00285316, 0.0892127, 0.0892583, 0.0164213
-0.00273228, -0.0578265, 0.057891, 0.0868171, -0.00221229, 0.0743697, 0.0744026, 0.104862
-0.0281327, 0.00896382, 0.0295262, -0.00931883, -0.00884891, 0.0422416, 0.0431585, 0.00475514
0.00207067, -0.0113637, 0.0115509, 0.0902519, -0.01108, 0.0262702, 0.0285112, 0.133729
-0.0345638, -0.0421453, 0.0545058, 0.0739344, -0.0206196, 0.0055449, 0.0213522, 0.108429
-0.0230696, 0.00989056, 0.0251004, -0.00816, -0.0272529, -0.00815296, 0.0284463, 0.0084337
-0.0475397, -0.0246718, 0.0535604, 0.0258625, -0.0244346, -0.00658464, 0.0253062, 0.0716965
-0.0389416, -0.0163028, 0.0422165, 0.0218983, -0.0312254, -0.014714, 0.0345185, 0.060061
-0.036191, -0.015532, 0.0393831, -0.0941994, -0.029623, -0.016139, 0.0337341, -0.0558549
-0.0462248, -0.0283651, 0.0542339, 0.0092966, -0.0187883, -0.0121009, 0.022348, -0.00522071
-0.0200617, -0.0226564, 0.030262, 0.039311, -0.0266268, -0.0210145, 0.0339204, 0.0674174
-0.0556414, -0.0346785, 0.0655634, 0.0150051, -0.0370858, -0.0297925, 0.0475705, 0.0573065
0.0276463, 0.041431, 0.049808, -0.0529288, 0.00694537, 0.00250769, 0.00738422, -0.0563913
0.0348089, 0.0223989, 0.0413929, -0.0320476, 0.0299773, 0.00793219, 0.031009, -0.0410938
-0.0632715, -0.00551748, 0.0635116, 0.00611505, -0.0526955, -0.00381637, 0.0528335, -0.00978958
-0.136244, -0.00344968, 0.136288, -0.00628126, 0.00392509, 0.00769639, 0.00863949, -0.0243951
-0.217984, -0.00514412, 0.218045, 0.00229768, -0.112378, -0.00946927, 0.112776, -0.0110643
0.0462687, 0.0052197, 0.0465622, -0.00693852, 0.0977223, -0.00276279, 0.0977613, -0.00760931
0.0476308, 0.0046041, 0.0478528, -0.00764121, 0.101149, 0.000280142, 0.101149, -0.00509835
0.0487356, 0.011508, 0.0500759, -0.00181516, 0.0338182, 0.00459361, 0.0341288, -0.0108162
-0.0642755, 0.00229836, 0.0643166, 0.00461454, -0.0338683, -0.00410008, 0.0341156, -0.00659197
0.03719, 0.00652385, 0.0377578, -0.00491414, 0.109659, 0.00053668, 0.109661, -0.00130611
0.0466232, -0.0117593, 0.0480833, 0.00241291, 0.0169187, -0.00265408, 0.0171256, 0.00234444
0.0823936, 0.0074811, 0.0827326, -0.00267197, 0.128906, -0.00564933, 0.12903, -0.00226888
0.0615103, 0.0066762, 0.0618716, 0.00752217, 0.117548, -0.00520205, 0.117663, 0.00404076
-0.228509, 0.000966072, 0.228511, 0.00214119, -0.0540743, -0.0123892, 0.0554754, 0.0028848
0.113112, -0.000424623, 0.113113, -0.00145435, 0.0654026, -0.0096128, 0.0661053, 0.00743571
0.0196983, -0.0038352, 0.0200681, 0.00368319, 0.0277561, -0.0124383, 0.0304157, 0.016394
-0.0947713, 0.00615025, 0.0949706, -0.000883812, 0.0802312, -0.00380754, 0.0803215, 0.00759453
0.237436, -0.00116706, 0.237438, -0.000945186, 0.134463, -0.00209284, 0.134479, 0.00635809
0.0784764, -0.0253649, 0.0824738, 0.00695688, 0.027496, -0.00389671, 0.0277707, 0.00844376
-0.00735652, -0.0121, 0.0141608, 0.00832375, 0.150589, 0.00243449, 0.150608, 0.00509404
0.189273, -0.00457025, 0.189328, 0.00102652, 0.156401, 0.00372338, 0.156446, 0.00200744
-0.0539544, 0.0119274, 0.055257, -0.00615614, 0.156562, 0.00190711, 0.156573, -0.00124762
-0.066587, 0.011426, 0.0675602, -0.00613223, 0.157982, 0.000427723, 0.157982, -0.00827157
0.019349, 0.00836968, 0.0210816, -0.000534646, 0.0488113, -0.000567198, 0.0488146, -0.0102396
0.153998, 0.0144756, 0.154677, -0.00753941, -0.0120782, -0.00723505, 0.0140794, 0.00830342
0.0187616, 0.0125508, 0.0225726, -0.00394665, 0.0461175, -0.002002, 0.046161, 0.010787
-0.0960078, 0.00906157, 0.0964345, 0.00401412, 0.000995278, -0.00360775, 0.00374252, 0.0161439
-0.0594929, 0.00984001, 0.0603012, -0.00265292, -0.0546618, 0.00097394, 0.0546705, -0.00127216
-0.0739449, 0.0124211, 0.0749809, -0.00427619, 0.00299925, -0.00153351, 0.00336855, 0.00769112
-0.0716866, -0.0186422, 0.0740709, 0.00924373, -0.0223858, -0.00140429, 0.0224298, -0.00064042
-0.0153941, 0.0131218, 0.0202277, -0.00455134, 0.0677193, -0.00022006, 0.0677197, 0.00644278
-0.154959, -0.0030508, 0.154989, 0.00259815, -0.0527416, -0.00479007, 0.0529587, 0.0083154
-0.115021, -0.00214887, 0.115041, 0.0034744, -0.0391704, -0.00354528, 0.0393305, 0.0037198
-0.00766385, -0.0111563, 0.0135351, -0.00401271, -0.0926292, -0.00543928, 0.0927888, 0.00321085
-0.0219536, 0.00463748, 0.0224381, -0.00455921, -0.0326895, -0.00356817, 0.0328837, 0.00545562
0.00196567, 0.00435638, 0.00477933, -0.0010294, 0.0209756, -0.000696182, 0.0209871, 0.00543413
-0.0206296, 0.0034616, 0.020918, -0.00198371, 0.0698104, -0.00190282, 0.0698363, 0.00976622
-0.0361304, 0.00255275, 0.0362204, 0.00275664, 0.0149347, -0.00164127, 0.0150246, 0.0106961
-0.00613058, -0.0280612, 0.028723, 0.00900431, 0.0117573, 0.0013504, 0.0118346, 0.00519516
-0.00228238, 0.00719237, 0.00754583, 0.000479773, 0.0127922, 0.00100923, 0.0128319, 0.00304581
0.00605607, 0.00221276, 0.00644766, 0.00151756, 0.045882, 0.00204921, 0.0459278, 0.00235248
0.0156739, -0.00411797, 0.0162059, -0.00447474, 0.0646229, 0.00222564, 0.0646612, -0.00822711
0.0147539, -0.00627899, 0.0160345, -0.00528821, -0.0142245, -0.00122833, 0.0142774, -0.0146135
0.000231624, 0.00966096, 0.00966374, 0.00422389, 0.0600414, -0.00204754, 0.0600763, -0.0122189
0.048923, 0.0139644, 0.050877, -0.0117178, -0.0153344, -0.0028944, 0.0156051, -0.00153543
-0.0147705, 0.00891757, 0.0172537, -0.00162667, 0.0972317, 0.000185251, 0.0972319, 0.00246374
-0.00826323, -0.0087235, 0.0120158, -0.0111701, 0.00786316, -0.00301051, 0.00841977, -0.00838482
0.00804186, -0.0105157, 0.0132382, -0.0155191, -0.0370897, -0.00330591, 0.0372367, -0.00703116
-0.0208244, 0.00446415, 0.0212975, -0.0145764, -0.0181745, -0.00982833, 0.0206618, 7.9358e-06
0.00748312, -0.0107665, 0.0131116, -0.00397828, -0.0298444, -0.00706697, 0.0306697, -0.0046624
0.0141616, -0.0160806, 0.0214275, 0.00705946, 0.0310479, -0.00932527, 0.0324181, -0.00546545
-0.0599124, -0.0010438, 0.0599215, 0.0204208, -0.0838944, -0.00729108, 0.0842106, 0.00174474
-0.0328908, 0.011229, 0.0347548, 0.00400058, -0.00323391, -0.00497222, 0.00593137, -0.00792717
0.0125909, -0.0116262, 0.0171377, 0.000896182, -0.0283256, -0.00986004, 0.0299926, 0.0184237
0.0101905, -0.0145159, 0.0177357, 0.00660181, -0.0467589, -0.00901246, 0.0476195, 0.0204693
-0.0174479, 0.0158131, 0.0235475, 0.00297564, -0.0134726, -0.00412631, 0.0140903, 0.017353
-0.0321975, -0.0108776, 0.0339853, 0.0165636, -0.0744996, -0.00637984, 0.0747723, 0.00948049
0.014313, -0.0111518, 0.0181445, -0.000751354, -0.0491228, -0.00830698, 0.0498202, 0.00978712
-0.0018146, 0.00275922, 0.00330243, 0.00378748, -0.131615, -0.00839162, 0.131882, 0.0134436
-0.00944614, 0.0173047, 0.019715, -0.00447733, -0.0950625, -0.00749445, 0.0953575, 0.0249786
-0.0370486, -0.00835776, 0.0379796, -0.00160605, -0.127031, -0.00760031, 0.127258, 0.023208
-0.0623839, -0.017684, 0.0648419, 0.0184304, -0.164719, -0.00690794, 0.164863, 0.0224041
-0.0364742, -0.00541568, 0.0368741, 0.0180907, -0.113778, -0.00195694, 0.113795, 0.0167033
-0.00345778, -0.00242519, 0.00422349, 0.0212382, -0.0828187, 0.00251007, 0.0828568, 0.0281707
-0.0307992, 0.00179267, 0.0308513, 0.01816, -0.105114, 0.00428748, 0.105201, 0.0177446
0.0191827, -0.00052619, 0.0191899, -0.000176754, -0.0849702, 0.00740743, 0.0852925, 0.0124243
-0.0631199, 0.0169697, 0.0653612, 0.0444889, -0.00105, 0.0114024, 0.0114506, 0.102689
0.0159597, -0.00574613, 0.0169626, 0.0661259, 0.00499773, 0.00872326, 0.0100535, 0.110739
0.0106819, 0.012764, 0.016644, 0.0256142, 0.0295701, 0.00551081, 0.0300792, 0.109315
-0.0180967, 0.0105963, 0.0209707, 0.0553746, 0.0588806, 0.00213099, 0.0589191, 0.114338
0.00538993, 0.0183678, 0.0191423, -0.00497276, 0.0551844, 0.00381637, 0.0553162, 0.0798549
0.0448942, 0.00475597, 0.0451454, 0.0396681, 0.0137916, 0.006495, 0.0152444, 0.137054
0.00331807, 0.0266764, 0.026882, -0.0779876, 0.00370955, 0.0177696, 0.0181526, 0.0185775
-0.0137992, 0.0386932, 0.0410802, 0.0123963, -0.0218136, 0.0294983, 0.0366877, 0.0745844
0.00306129, 0.0187271, 0.0189756, 0.0150949, -0.0300968, 0.0290956, 0.0418613, 0.0308946
-0.0666397, 0.0806761, 0.10464, 0.0537991, -0.0477297, 0.0415125, 0.0632567, 0.137695
-0.0497017, 0.0592208, 0.0773134, 0.0252646, -0.0377033, 0.0508401, 0.063295, 0.0820849
-0.00969815, 0.0327349, 0.0341413, 0.0218017, -0.0427375, 0.0624199, 0.0756488, 0.101458
0.00192237, 0.0074451, 0.00768928, 0.00628173, -0.0357208, 0.0516546, 0.0628027, 0.0663685
-0.00224733, -0.031687, 0.0317666, -0.00888693, -0.0323389, 0.0489109, 0.0586351, 0.0311272
-0.00372553, -0.0223529, 0.0226613, 0.000477672, -0.0239391, 0.0236859, 0.0336765, -0.0440189
-0.0213201, 0.0534275, 0.0575243, 0.00180614, -0.0330591, 0.143479, 0.147239, 0.000273347
-0.018039, 0.00634933, 0.0191238, 0.00187039, -0.0256186, 0.107211, 0.110229, 0.00412107
-0.00537753, -0.104167, 0.104305, 0.00320172, -0.0185452, -0.0398524, 0.0439561, -0.00444329
-0.00929737, 0.0251267, 0.0267916, 0.00232506, -0.0160632, 0.0850966, 0.0865994, 0.000567079
-0.014365, -0.0191486, 0.0239378, 0.00416744, -0.0154519, 0.113928, 0.114971, 0.00329971
0.00260639, -0.131008, 0.131034, -0.000564933, -0.00843096, -0.0555787, 0.0562145, 0.00648785
-0.0151594, -0.0250843, 0.0293092, 0.00931859, -0.00639772, -0.00164866, 0.00660674, 0.00389838
0.0132015, -0.0994127, 0.100285, -0.00420022, 0.0001297, -0.0990059, 0.099006, 0.00351059
0.0112047, -0.012274, 0.0166192, -0.00949538, -0.00119996, -0.0214565, 0.02149, -0.00169313
-0.00944519, 0.0293965, 0.0308767, 0.0103391, -0.00191545, -0.0965841, 0.0966031, 0.0095886
0.000216961, -0.104938, 0.104938, -0.000532746, -0.00259447, -0.0193532, 0.0195263, 0.0123335
-0.0023725, -0.0269673, 0.0270714, -0.000110507, 0.0010643, -0.0349751, 0.0349912, 0.0043236
-0.00621057, 0.0751672, 0.0754233, 0.00558329, -0.0027473, 0.0673501, 0.0674062, 0.0225353
0.00359416, 0.0207825, 0.021091, -0.00537717, 0.000640631, 0.020463, 0.020473, 0.0095619
-0.00458312, -0.101307, 0.10141, 0.00118458, 0.00532389, -0.100696, 0.100837, 0.00672567
0.00121951, -0.0262043, 0.0262327, -0.00389612, 0.00742698, -0.101644, 0.101915, -0.00201488
0.00183511, -0.0347496, 0.034798, -0.000388741, 0.00678563, -0.138184, 0.138351, 0.00732327
0.000500441, 0.333471, 0.333471, 0.00243509, 0.00639892, -0.082698, 0.0829452, -0.00424159
-0.00510144, -0.101975, 0.102103, 0.000647545, 0.00957847, -0.198515, 0.198746, 0.00220668
-0.0136135, 0.18203, 0.182539, 0.00784087, 0.0102615, -0.189447, 0.189725, -0.00160277
0.0245686, -0.359362, 0.360201, -0.0112611, 0.00784039, -0.240584, 0.240712, 0.00969648
-0.00682378, 0.0958753, 0.0961178, 0.00247192, 0.0048852, -0.132791, 0.132881, -0.00459957
-0.00494623, -0.197886, 0.197948, 0.00631022, 0.00981593, -0.306772, 0.306929, -0.00372577
-0.00478387, -0.0657885, 0.0659622, 0.00124705, 0.00985146, -0.346254, 0.346394, -0.00431597
-0.00422764, -0.18424, 0.184289, 0.000633955, 0.0082674, -0.249745, 0.249882, -0.00509834
-0.00489855, -0.125663, 0.125758, 0.00207651, 0.00648499, -0.145881, 0.146025, -0.013023
-0.00515962, 0.209889, 0.209952, 0.00243068, 0.00361776, -0.122362, 0.122415, -0.00450873
-0.00349164, 0.165227, 0.165264, 0.00342512, 0.00380492, -0.140185, 0.140237, -0.00258458
-0.00437856, 0.210571, 0.210616, 0.00230861, 0.000254154, -0.0629351, 0.0629356, -0.000838518
-0.00730538, 0.290226, 0.290318, 0.000912309, 0.000950336, -0.0566238, 0.0566317, 0.00375593
-0.00815511, -0.214801, 0.214956, -0.00143588, -0.00329447, 0.0856697, 0.085733, 0.0097791
-0.00842667, -0.213162, 0.213328, -0.000167727, -0.00471234, 0.00623605, 0.00781629, 0.00340915
0.0129077, -0.0605688, 0.0619289, -0.0057224, -0.00161552, 0.0120258, 0.0121338, -0.00525439
-0.00566721, -0.246259, 0.246325, 0.00410044, 0.0013845, 0.0259001, 0.0259371, 0.00225103
-0.000943422, 0.00831896, 0.00837228, -0.00111723, 0.00341988, 0.114718, 0.114769, 0.00701499
-0.00199437, 0.437599, 0.437604, -0.0039618, 0.00487399, 0.0499468, 0.050184, 0.000445604
0.0107059, -0.0856243, 0.086291, -0.00795853, 0.0067203, 0.00376188, 0.00770157, -0.00545716
0.0163527, -0.0639607, 0.0660181, -0.00762832, 0.00626731, 0.00670733, 0.00917973, 0.00756884
0.0142841, -0.0194918, 0.0241654, -0.00690246, 0.00338149, 0.0106403, 0.0111647, 0.0120237
0.00652504, 0.0353192, 0.0359169, -0.0034914, 0.0107219, -0.197061, 0.197352, -0.0114182
0.00582719, -0.0195132, 0.0203647, 0.00372446, 0.00672388, -0.0925794, 0.0928233, -0.0123987
0.0131521, 0.0155396, 0.0203582, -0.00261116, 0.00866914, -0.0932651, 0.0936671, -0.0136958
0.00386286, 0.0324569, 0.0326859, -0.0228038, 0.00556278, -0.115129, 0.115264, -0.0111015
-0.000677109, -0.0346038, 0.0346104, -0.0142956, 0.00269055, -0.0140226, 0.0142784, -0.0171411
0.0107696, 0.0189942, 0.0218349, 0.0017153, 0.00258327, -0.0223948, 0.0225433, 0.00498617
0.0116427, -0.00636041, 0.0132668, 0.00538898, 0.00615191, -0.0581089, 0.0584336, -0.000559926
0.0135782, 0.00737506, 0.0154518, -0.00446403, 0.00240302, -0.0311328, 0.0312254, 0.00214124
0.0125582, 0.0237463, 0.0268625, -0.00850761, 0.0046134, 0.0532616, 0.0534611, -0.00478542
0.0118299, -0.0263551, 0.0288884, -0.00765789, 0.00227404, 0.0280719, 0.0281638, 9.93013e-05
0.00579238, 0.00321221, 0.00662344, 0.0118842, 0.00424266, 0.0475039, 0.047693, -0.00414312
0.0207081, 0.0096885, 0.0228625, -0.00944543, 0.00471973, 0.0803769, 0.0805153, 0.00303078
0.0189195, 0.0370951, 0.0416412, -0.00243747, 0.0100493, 0.000928283, 0.0100921, 0.00426781
0.0157161, 0.0104595, 0.0188785, 0.0108422, 0.0110676, -0.0174474, 0.0206616, -0.0177972
0.0155199, 0.000345349, 0.0155237, -0.0121205, 0.00964832, -0.0231968, 0.0251233, -0.00645912
0.0144377, 0.00203514, 0.0145804, -0.00448561, 0.00857973, 0.0393535, 0.0402779, -0.00854564
-0.021883, 0.0035615, 0.0221709, 0.0105749, 0.0100398, -0.12914, 0.129529, -0.0131762
0.000750542, -0.00638127, 0.00642526, -0.00841665, 0.00751829, -0.00371814, 0.00838745, -0.00944245
0.00653243, -0.00416327, 0.00774632, 0.00192261, 0.014395, -0.0577269, 0.0594946, -0.008286
0.00640178, -0.00508666, 0.00817661, -0.00468099, 0.0184402, -0.0353446, 0.0398658, -0.0030247
0.00799203, 0.0102997, 0.0130367, -0.000219226, 0.0138607, -0.00609136, 0.0151401, 0.000701308
0.0480344, -0.048496, 0.0682581, -0.0105038, 0.0188041, 0.0588598, 0.0617906, 0.00208151
0.033112, -0.0671971, 0.0749123, 0.0165678, 0.0207493, -0.0193307, 0.0283586, -0.0131897
0.00138354, -0.00208783, 0.00250464, -0.0185449, 0.016098, 0.054193, 0.0565334, -0.0139532
0.0313122, -0.027138, 0.0414358, -0.013341, 0.0137911, 0.040694, 0.0429674, -0.00485754
0.0136316, 0.0196657, 0.0239282, 0.00183856, 0.0145414, 0.0605128, 0.0622354, -0.00822771
0.021729, 0.0350037, 0.0411996, 0.00187111, 0.0146604, 0.0474625, 0.0496751, -0.0240955
0.0100963, -0.144691, 0.145043, 0.00441742, 0.0110366, -0.0825841, 0.0833184, -0.0250853
0.00829291, -0.00659084, 0.010593, -0.00552905, 0.0132406, 0.0148683, 0.0199092, -0.0176268
-0.0103428, -0.000495672, 0.0103547, -0.0100406, 0.0102, -0.0786204, 0.0792793, -0.018291
3.05176e-05, 0.0151141, 0.0151141, -0.00460219, 0.00513124, -0.0184903, 0.0191891, -0.0265189
-0.0110979, 0.0363224, 0.03798, 0.0625356, 0.0026176, -0.0532017, 0.053266, 0.103714
-0.0136771, -0.0297968, 0.0327859, -0.0199461, 0.00155926, -0.0406895, 0.0407193, -0.0345197
0.0390136, 0.0199959, 0.0438395, 0.00493813, 0.00583506, -0.0397272, 0.0401534, -0.0425042
-0.000344753, 0.0109739, 0.0109793, -0.0115839, -0.00680089, -0.0333331, 0.0340198, 0.0347062
0.00364494, 0.0295355, 0.0297596, 0.0122411, -0.000916004, -0.0356679, 0.0356797, -0.0204422
0.00147772, 0.0163472, 0.0164138, -0.00123382, 7.72476e-05, -0.0132093, 0.0132096, 0.0305574
0.00550914, -0.00479698, 0.0073049, -0.0019393, 0.00845838, -0.00860143, 0.0120635, -0.0137734
-0.0263286, 0.00185895, 0.0263941, 0.00597739, 0.00611401, -0.0225658, 0.0233794, -0.00603342
0.00147438, -0.0296082, 0.0296449, -0.0125873, 0.0166543, -0.0154324, 0.0227051, 0.0410838
-0.025876, -0.0285707, 0.0385467, -0.0145638, 0.0135827, -0.0228121, 0.0265496, 0.00767899
0.0186324, 0.0197589, 0.0271585, 0.0594869, 0.02525, -0.0100281, 0.0271684, 0.104052
0.00399733, -0.00304246, 0.00502346, 0.00163627, 0.0316164, -0.00408506, 0.0318793, 0.00478864
-0.04475, -0.00994062, 0.0458408, -0.00496292, 0.0191834, 0.007689, 0.020667, 0.0247948
-0.00797939, 0.00654531, 0.0103205, 0.126489, 0.0172384, 0.0170875, 0.0242723, 0.165889
0.170125, 0.0594983, 0.18023, 0.0892265, 0.0272884, 0.0202491, 0.0339807, 0.117858
0.00308847, 0.0275702, 0.0277427, -0.00519252, 0.0463657, 0.0269692, 0.0536388, 0.0563631
0.0477631, 0.0294194, 0.0560965, -0.00117874, 0.0725451, 0.0219665, 0.0757978, 0.0461128
-0.0512791, 0.00753093, 0.0518291, -0.00682473, 0.0411983, 0.0244098, 0.0478867, 0.0436516
0.0390551, 0.00794077, 0.0398542, 0.000264645, -0.00325012, 0.0116568, 0.0121014, 0.0284202
0.0195601, -0.0263319, 0.0328019, -0.0100486, 0.165896, 0.0201423, 0.167114, 0.0238566
0.0174239, 0.0127594, 0.0215962, 0.00256729, 0.111919, 0.0210481, 0.113881, 0.0192249
0.0290534, 0.0132039, 0.0319131, 0.0102825, 0.0761123, 0.0227475, 0.0794388, 0.0189741
-0.0274069, 0.0114965, 0.0297205, 0.0075953, 0.037014, 0.0204263, 0.0422761, 0.0284503
0.0328131, 0.0116324, 0.034814, 0.0159202, 0.0766804, 0.0193927, 0.0790947, 0.0227582
-0.0209968, 0.0035255, 0.0212907, -0.0143478, 0.00220346, 0.0121176, 0.0123163, 0.0173383
-0.233694, -0.00802231, 0.233832, -0.0176554, 0.0840721, 0.0159385, 0.0855696, 0.0168469
0.0141611, 0.00232291, 0.0143504, -0.00250864, 0.130425, 0.0111382, 0.1309, 0.018296
0.0112422, 0.0065906, 0.0130316, 0.00519729, 0.0301917, 0.00543094, 0.0306762, 0.0152757
-0.153286, -0.0043819, 0.153349, -0.000471592, -0.0163002, 0.0013473, 0.0163558, 0.0108466
-0.016844, 0.00402641, 0.0173186, 0.00343943, 0.027077, 0.00436068, 0.0274258, 0.00579643
-0.0897176, -0.00842333, 0.0901122, -0.00128222, -0.131206, -0.000196695, 0.131206, -0.00332141
0.0130111, -0.00479889, 0.0138679, -0.00130582, -0.00643671, 0.00218272, 0.00679672, -0.000102997
-0.0906528, -0.00587893, 0.0908432, -0.00307751, -0.0104049, 0.00644422, 0.0122389, -0.00604129
-0.0103619, -0.00457859, 0.0113284, 0.000193119, -0.092086, 0.00263286, 0.0921236, 0.00390339
0.0477145, -0.00244975, 0.0477773, -0.00177622, -0.0467833, 0.00532556, 0.0470855, 0.00434351
-0.341436, 0.000761032, 0.341436, 0.00161648, -0.104568, 0.000890255, 0.104572, -0.010025
0.206455, 0.00519133, 0.20652, 0.000118494, -0.04945, 0.00367689, 0.0495865, 0.00174332
-0.00995612, 0.00876832, 0.0132668, 0.00500274, 0.0080049, 0.00393748, 0.00892089, 0.00651646
-0.0201538, -0.000936747, 0.0201755, 0.000785351, -0.0184282, 0.00283122, 0.0186444, -0.00508547
0.110691, -0.00736022, 0.110935, 0.00137711, -0.0248148, 0.00154734, 0.024863, -0.00964761
-0.0587767, -0.00284529, 0.0588456, 0.00207162, -0.064871, 0.000110388, 0.0648711, -0.00785947
0.000888944, -0.00121188, 0.00150296, 7.51019e-05, -0.0308682, -0.000197411, 0.0308688, -0.0019865
0.109849, 0.00697708, 0.11007, 0.00532293, -0.0575487, -0.000939369, 0.0575564, -0.00455737
-0.0776923, -3.88622e-05, 0.0776923, -0.00416851, 0.00520241, -0.00130224, 0.00536292, -0.011436
0.062833, 0.00192761, 0.0628625, -0.00230765, -0.0167559, -0.00186062, 0.0168589, -0.0130184
0.0350494, -0.000379801, 0.0350514, 0.000399828, -0.0217965, 0.000178099, 0.0217972, -0.00505114
0.0182125, -0.000364065, 0.0182161, -0.00235772, -0.0171074, 0.000656843, 0.01712, -0.0051434
-0.0226687, -0.000920773, 0.0226874, -0.00229955, -0.0444473, 0.000316143, 0.0444484, 0.000397444
-0.0349559, -0.00101376, 0.0349706, 0.000626087, -0.051335, 0.000904322, 0.051343, 0.00921607
0.163637, -0.00179315, 0.163647, -7.86781e-06, -0.126079, -0.00301743, 0.126116, 0.00419068
-0.0933484, 0.00690818, 0.0936037, 0.00271487, -0.00845665, -1.3113e-05, 0.00845666, -0.00844193
0.272271, 0.00872755, 0.272411, 0.00373626, -0.0431498, -0.000333786, 0.0431511, -0.00489068
-0.0633064, -0.00604272, 0.0635941, -0.000440598, -0.0811727, -0.00125909, 0.0811825, -0.00168538
0.0179077, 0.00135994, 0.0179593, 0.00237465, -0.049248, -0.00120831, 0.0492628, -0.00224304
0.0895181, -0.000985861, 0.0895235, -0.00358272, 0.00954698, 0.0018816, 0.00973063, 0.0116198
-0.0694086, -0.00254226, 0.0694551, 0.000338793, -0.0124868, -0.000632763, 0.0125029, 0.00460386
-0.0618826, -0.0141492, 0.0634796, -0.00574923, -0.024123, -0.00101376, 0.0241443, -0.00428987
-0.023893, -0.00789738, 0.0251643, -0.00729084, -0.0204625, -0.00239182, 0.0206018, -0.00788021
0.0361741, -0.00667524, 0.0367848, -0.000790596, 0.0205353, 0.000453234, 0.0205403, 0.00122309
-0.0173409, 0.00100398, 0.01737, -0.00698948, -0.00422806, -2.26498e-05, 0.00422812, 0.0110495
-0.034964, 0.000672102, 0.0349705, 0.00579548, 0.00229305, -0.00185823, 0.00295146, -0.00204897
0.0158288, -0.0153689, 0.0220626, -0.00357962, -0.0765672, -0.00859022, 0.0770475, 0.00638938
0.0136303, -0.000864983, 0.0136577, 0.00950456, 0.0293826, -0.00305891, 0.0295414, 0.00444293
-0.00776809, -0.00303841, 0.00834118, 0.00121021, -0.0300531, -0.00539494, 0.0305335, -0.017873
-0.0217087, -0.00278306, 0.0218863, -0.00114489, -0.03933, -0.00011611, 0.0393302, -0.00487638
-0.0211118, -0.0122449, 0.0244059, 0.00458384, -0.0144008, 0, 0.0144008, -0.00606441
-0.0099293, -0.0033195, 0.0104695, 0.00282693, -0.082499, -0.00177073, 0.082518, -0.00905085
-0.0142111, -0.00254607, 0.0144373, -0.000109673, -0.065931, 0.000419855, 0.0659323, 0.00801611
-0.052973, -0.0148122, 0.0550049, -0.00396824, -0.134987, -0.00124478, 0.134993, -0.00469208
-0.0034517, -0.0119507, 0.0124392, -0.00266886, -0.141133, -0.00307655, 0.141167, -0.00860643
-0.00930393, -0.0133302, 0.016256, -0.00413203, -0.0685657, 0.000919819, 0.0685719, -0.0100362
-0.0360566, -0.00165415, 0.0360946, -0.00890326, -0.111258, 0.00160885, 0.11127, -0.00283313
-0.00730336, 0.00676513, 0.0099552, -0.00655603, -0.0257149, 0.00701714, 0.0266551, 0.0033319
-0.00358415, 0.00747991, 0.00829428, -0.00164342, -0.0326178, 0.00287032, 0.0327439, 0.00193954
0.0154614, -0.0180998, 0.0238046, 0.00665522, -0.020012, -0.0017674, 0.0200899, 0.00438285
0.0127729, -0.0107412, 0.016689, 0.0018208, -0.0772132, -0.0063386, 0.0774729, -0.00421858
0.0120926, -0.0101981, 0.0158187, -0.00669789, 0.0237216, -0.00585055, 0.0244324, -0.00542092
-0.00762558, -0.00986886, 0.0124717, -0.00464606, 0.042647, -0.0027411, 0.042735, 5.31673e-05
-0.0181923, 0.023469, 0.0296943, -0.00419545, 0.0803277, -0.000126123, 0.0803278, -0.00986719
0.0265336, 0.00940204, 0.0281501, 0.0165997, -0.0158815, -0.00119328, 0.0159263, -0.00162172
0.0026679, -0.00287628, 0.0039231, 0.00434732, 0.0220306, -0.000575304, 0.0220381, 0.00199294
0.00704789, -0.0034554, 0.00784937, -0.00109649, 0.018393, -0.00169897, 0.0184713, 0.0124779
0.0134199, 0.00788522, 0.015565, 0.00494671, 0.136313, 0.00248122, 0.136336, 0.0190248
0.0274312, 0.00769114, 0.0284891, 0.00828505, 0.108156, 0.000651598, 0.108158, 0.0140455
-0.0219615, -0.013504, 0.0257811, -0.0102956, 0.0338526, -0.00542617, 0.0342847, 0.00894284
-0.0243304, -0.0120051, 0.027131, -0.0047152, 0.0226333, -0.00565028, 0.0233279, 0.0186086
-0.0144238, -0.0107715, 0.018002, 0.00147915, 0.0413513, -0.0021503, 0.0414072, 0.019407
0.00880241, 0.0246286, 0.0261544, 0.00456572, -0.04423, -0.0081048, 0.0449664, 0.010376
0.010745, -0.00236511, 0.0110023, -0.00810575, 0.0343852, -0.00367117, 0.0345806, -0.000839949
-0.0189061, -0.0135474, 0.0232588, -0.00447059, -0.0602722, -0.0126317, 0.0615816, -0.000988722
-0.00889087, -0.00425148, 0.00985508, 0.024786, -0.0463574, -0.0100012, 0.047424, 0.0728415
-0.0154669, -0.00440645, 0.0160824, 0.0090766, -0.0370808, -0.00684166, 0.0377067, 0.0677221
0.0259581, -0.00228715, 0.0260586, -0.0124235, -0.0219793, -0.00802994, 0.0234002, 0.0122998
-0.0319545, 0.011344, 0.0339084, -0.00655913, -0.0207148, -0.00745106, 0.0220141, 0.00946522
-0.0194137, -0.0132756, 0.0235188, -0.00780153, -0.00758505, -0.00697017, 0.0103013, 0.00494981
-0.0284221, -0.00931454, 0.0299095, -0.0121148, -0.0226233, -0.00580478, 0.0233561, -0.0170228
0.0279672, -0.0384665, 0.0475587, 0.0045495, -0.0259621, -0.000718832, 0.0259721, -0.0641584
0.0201292, 0.00755143, 0.021499, -0.000506639, -0.00742865, -0.00525904, 0.00910177, 0.0119638
-0.00275683, -0.0371253, 0.0372276, -0.00459218, 0.00778794, -0.0093565, 0.0121736, 0.0091064
-0.00889993, -0.0083127, 0.0121782, -0.0204744, 0.0124495, -0.0200562, 0.023606, -0.0338755
-0.00307274, -0.0366759, 0.0368044, -0.00352955, 0.0191412, -0.0217803, 0.0289959, 0.0397689
0.020483, -0.0380404, 0.0432045, 0.00893712, 0.0170352, -0.0100286, 0.019768, -0.000190496
-0.00360584, -0.00154662, 0.00392354, -0.00826812, 0.0167415, -0.00430346, 0.0172858, -0.0292197
0.0274429, -0.0364308, 0.0456105, -0.0740267, 0.0159776, -0.0114603, 0.0196627, -0.150737
-0.0575478, 0.0320055, 0.0658491, -0.0150217, 0.00908351, -0.00651407, 0.0111778, -0.0127592
-0.0522759, -0.00873876, 0.0530013, -0.154422, 0.0176935, -0.0136871, 0.0223696, -0.158787
-0.0677285, -0.0708289, 0.0979994, -0.173903, 0.00457311, -0.0637414, 0.0639053, -0.155145
-0.0562027, -0.0903983, 0.106445, -0.10636, 0.0183349, 0.0155425, 0.0240362, -0.159366
-0.0525787, -0.202358, 0.209077, -0.096801, 0.0107942, -0.104666, 0.105221, -0.151382
-0.0400941, -0.156587, 0.161639, -0.0495487, 0.0329041, -0.00475574, 0.0332461, -0.137084
-0.0386524, -0.272635, 0.275361, -0.0565041, 0.0295537, -0.127361, 0.130745, -0.140186
-5.29289e-05, 0.0629604, 0.0629604, -0.0282767, 0.0448651, -0.02654, 0.0521273, -0.1093
0.00343084, 0.0185361, 0.0188509, -0.0255625, 0.03793, -0.101826, 0.108661, -0.0976551
0.00654984, -0.00766087, 0.0100791, -0.00219023, 0.0349948, 0.0122216, 0.0370676, -0.0649627
0.0148513, -0.00351405, 0.0152614, 0.0122333, 0.0257304, -0.00136542, 0.0257666, -0.0356519
0.0102203, -0.0998504, 0.100372, 0.00525725, 0.0249045, -0.0447617, 0.0512234, -0.0250133
0.0110416, -0.142177, 0.142605, 0.00461495, 0.0215607, -0.0119979, 0.0246741, -0.00868738
-0.00359225, 0.085562, 0.0856374, 0.00242627, 0.0166755, 0.138622, 0.139621, 0.00931954
0.024482, 0.0988257, 0.101813, 0.0172418, 0.016022, 0.12604, 0.127054, 0.00947666
0.0273409, -0.00978327, 0.0290385, 0.0126274, 0.0189614, 0.0280422, 0.0338512, 0.00746691
0.0177681, -0.0269853, 0.0323096, 0.00248086, 0.0232582, -0.0249304, 0.034095, 0.0188153
0.00970507, -0.30414, 0.304295, 0.00124979, 0.0161018, -0.0545918, 0.0569169, 0.00490832
0.0204554, -0.0205442, 0.0289911, 0.0112427, 0.0184469, -0.115515, 0.116978, 0.00948691
0.00761986, 0.175663, 0.175828, 0.0040735, 0.0153532, 0.00632119, 0.0166036, 0.00987267
0.00628853, 0.214176, 0.214268, 0.00495601, 0.0143471, 0.0185959, 0.0234872, 0.00569558
0.00886679, 0.170685, 0.170915, 0.000663996, 0.00992537, 0.0853387, 0.085914, 0.00946903
-0.00840712, -0.0336978, 0.0347307, -0.00128865, 0.00780988, 0.0622393, 0.0627274, 0.00485837
0.00924802, 0.100373, 0.100798, 0.00225389, 0.0144329, -0.0144968, 0.0204564, 0.0132698
0.0172334, -0.0463389, 0.0494397, 0.00917983, 0.0156684, 0.0202541, 0.0256072, 0.025033
-0.0028801, -0.142189, 0.142218, -0.000185132, 0.010581, 0.0503596, 0.0514592, 0.0184005
0.000511408, -0.237286, 0.237287, 0.0016284, 0.0116067, -0.0260224, 0.0284936, 0.0174412
0.0144877, -0.0375449, 0.0402432, 0.00551319, 0.0108349, -0.0452158, 0.0464958, 0.0125451
0.0151229, 0.00971234, 0.0179731, 0.00530529, 0.00528622, 0.0943734, 0.0945213, 0.0169456
-0.00251389, -0.00562561, 0.00616174, 0.00325668, 0.00169492, 0.126085, 0.126096, 0.0101097
-0.00380278, 0.307407, 0.30743, 0.00427485, 0.000189066, -0.00865215, 0.00865422, -0.00261486
0.000768661, 0.0572245, 0.0572296, 4.33922e-05, 0.00347066, 0.0327283, 0.0329118, 0.00415277
-0.0104871, -0.129411, 0.129835, -0.00930202, 0.00464988, -0.0312854, 0.0316291, 0.00147665
0.00171161, 0.212032, 0.212039, -0.00207114, -0.00074625, 0.0591725, 0.0591772, 0.00298548
0.0170193, -0.00591701, 0.0180185, 0.0101109, -0.00613213, 0.134005, 0.134145, -0.00351441
-0.00386739, 0.0238093, 0.0241214, -0.000443697, -0.00427794, 0.086624, 0.0867296, 0.00133216
-0.0101447, -0.0494202, 0.0504507, -0.00765324, -0.00339937, 0.0482888, 0.0484083, 5.72205e-06
-0.00785947, 0.0445122, 0.0452008, 0.00245702, -0.00790763, 0.196032, 0.196191, -0.000668764
-0.0209835, -0.0368457, 0.0424018, -0.00624347, -0.010057, 0.0326247, 0.0341396, -0.0174438
-0.0205619, -0.00949435, 0.0226481, -0.00372839, -0.0103726, 0.0464989, 0.0476418, -0.013257
0.0052309, -0.0333056, 0.0337139, 0.00330949, -0.0117381, 0.153185, 0.153634, -0.0145087
0.00454283, -0.0178603, 0.018429, 0.00422871, -0.00947332, 0.0718549, 0.0724767, -0.0187316
-0.0239666, -0.0284351, 0.0371881, -0.00428653, -0.00765038, 0.0749151, 0.0753047, -0.0227149
-0.0213647, 0.0442571, 0.0491441, -0.0373324, -0.0112228, 0.204607, 0.204915, -0.0140007
-0.0164478, 0.042904, 0.0459487, 0.00446081, -0.00552225, 0.179064, 0.179149, -0.0154153
-0.000443697, 0.0136602, 0.0136674, 0.00697696, -0.00617623, 0.169029, 0.169142, -0.0123018
-0.0110638, -0.0246917, 0.0270571, -0.00445306, -0.0063467, 0.0725275, 0.0728047, -0.0177033
-0.0104542, -0.00894684, 0.0137599, -0.00638163, -0.00878882, 0.183906, 0.184116, -0.0131013
-0.0137711, -0.0140835, 0.0196974, -0.0157678, -0.00698614, 0.0880037, 0.0882806, -0.00825942
-0.00703859, -0.0119612, 0.0138785, 0.00545728, -0.00928974, 0.091725, 0.0921942, -0.0144321
-0.00216436, 0.00207984, 0.0030017, 8.45194e-05, -0.00677967, 0.0614318, 0.0618047, -0.00394976
-0.0118849, 0.0144173, 0.0186845, -0.00112844, -0.00397611, 0.0280203, 0.028301, 0.00346673
-0.0049212, 0.00227475, 0.0054215, 0.00304925, -0.00654578, 0.118673, 0.118853, -0.00170934
-0.0155849, 0.0320249, 0.0356158, -0.0258008, -0.0104408, 0.181558, 0.181858, -0.0164552
-0.00178361, 0.0169914, 0.0170847, 0.000369787, -0.00737119, 0.101685, 0.101951, -0.00874615
-0.00225425, 0.0266296, 0.0267248, -0.00563347, -0.00894809, 0.0895228, 0.0899689, -0.00352538
-0.0147769, 0.0071404, 0.0164117, 0.000954628, -0.0082159, 0.000231624, 0.00821917, -0.00653708
-0.0101449, 0.031041, 0.0326568, -0.0096668, -0.00575614, 0.029785, 0.0303361, 0.00249636
-0.0184031, 0.0637503, 0.0663534, -0.0272691, -0.0115573, 0.227189, 0.227483, -0.00741911
-0.0113912, 0.00761139, 0.0137001, 0.00813198, -0.0120673, 0.122463, 0.123056, -0.0040313
-0.0233393, 0.0033319, 0.0235759, -0.000730634, -0.0155461, 0.0596592, 0.0616515, -0.00575876
-0.0230834, 0.0243516, 0.0335536, -0.00922203, -0.0148542, 0.0384445, 0.0412144, -0.0114312
-0.001755, -0.00203419, 0.00268662, -0.00649953, -0.0107861, -0.0212574, 0.0238373, -0.00346339
-0.00817823, -0.0408194, 0.0416306, 0.00667155, -0.0110724, 0.101204, 0.101808, -0.0138381
-0.00831628, -0.00658679, 0.0106088, -0.00162721, -0.0101395, 0.0200827, 0.0224972, -0.0214474
-0.00646901, -0.0116508, 0.0133263, 0.00617337, -0.00720429, 0.0165942, 0.0180906, -0.0205353
-0.00950646, -0.00402236, 0.0103224, 0.00477684, -0.0027554, -0.00773835, 0.00821428, -0.0228882
0.0247462, -0.0159709, 0.0294524, 0.00940168, 0.000145197, -0.0587139, 0.0587141, -0.0144929
0.00048542, -0.0166962, 0.0167033, -0.00631082, 0.00207758, 0.0208404, 0.0209437, -0.00482035
-0.0156732, 0.0243785, 0.0289821, -0.0123166, 0.0024395, 0.0185487, 0.0187085, -0.0153766
-0.00559688, 0.00604415, 0.00823752, -0.0162112, 0.0053885, 0.0226598, 0.0232917, -0.00018394
-0.00107765, 0.0698421, 0.0698504, 0.070542, 0.00661135, 0.0521197, 0.0525374, 0.125117
0.0201585, -0.00586033, 0.0209931, -0.0189713, 0.00762725, 0.0386326, 0.0393784, 0.0323818
0.0157919, -0.0394831, 0.0425241, 0.00497746, 0.005512, 0.0488791, 0.049189, 0.0603631
-0.0220399, -0.0255339, 0.0337304, 0.0216005, 0.000972033, 0.0453436, 0.0453541, -0.0325664
0.0217597, 0.0115321, 0.0246267, 0.0445336, -0.00145149, 0.020704, 0.0207548, 0.063722
-0.019763, -0.0190256, 0.0274326, 0.0168123, -0.00725889, 0.0305879, 0.0314374, -0.0586174
0.0250227, 0.0157773, 0.0295815, -0.00138479, -0.0045774, 0.0131724, 0.013945, 0.0228666
0.00497818, 0.000621557, 0.00501683, -0.00157505, 0.00257993, 0.0118909, 0.0121675, 0.00626266
-0.0113068, 0.0107536, 0.015604, -0.0335951, 0.00347519, 0.0292418, 0.0294476, -0.0659402
0.00325441, -0.000306606, 0.00326882, 0.00673038, -0.00255013, 0.0220549, 0.0222019, 0.00942671
-0.0834875, 0.00213099, 0.0835147, 0.0053845, -0.0022862, 0.0256071, 0.025709, -0.0173618
0.0223703, 0.0300071, 0.0374281, -0.0120867, -0.00124121, 0.0342512, 0.0342737, 0.0135751
-0.0125391, 0.0545695, 0.0559916, -0.0133632, 0.0128345, 0.0505786, 0.0521816, -0.101965
-0.0637436, 0.0390522, 0.0747551, -0.00633815, 0.0189021, 0.0472496, 0.0508902, -0.107962
0.0805476, 0.0437658, 0.0916698, -0.0145773, 0.00357771, 0.0412953, 0.04145, -0.0302488
0.181287, 0.0581031, 0.190371, -0.013261, 0.036612, 0.0460262, 0.058812, -0.0527007
0.0559845, 0.0491316, 0.0744861, -0.0278319, 0.00759053, 0.047641, 0.0482419, -0.0748717
0.113627, 0.0551338, 0.126297, -0.0304925, 0.0463066, 0.0398569, 0.0610973, -0.0735873
0.00548124, 0.0497859, 0.0500867, -0.0226923, -0.0645156, 0.0353582, 0.0735694, -0.0616742
0.0667257, 0.0498176, 0.0832713, -0.0326843, -0.0423541, 0.0353472, 0.0551661, -0.0542478
0.0540962, 0.0439496, 0.0696991, -0.0153541, -0.0802476, 0.0352702, 0.0876566, -0.0510535
-0.259423, 0.00461888, 0.259464, -0.00600134, 0.0294735, 0.0388412, 0.0487579, -0.0352388
0.064018, 0.0382845, 0.0745923, -0.0148381, 0.0256798, 0.0372827, 0.0452709, -0.0417758
-0.163593, 0.00147319, 0.1636, -0.00210416, -0.0777013, 0.0271676, 0.0823139, -0.0281841
-0.0423284, 0.0131793, 0.0443327, -0.00964778, -0.0984759, 0.0211408, 0.10072, -0.0263062
-0.0466819, 0.0124021, 0.0483012, -0.0046748, -0.0555668, 0.0211341, 0.0594501, -0.0249897
0.06933, 0.0158832, 0.0711261, -0.00454528, 0.0136926, 0.0157495, 0.0208694, -0.0190396
-0.031702, 0.0126107, 0.0341182, -0.000255242, -0.0712743, 0.0132558, 0.0724965, -0.0188005
-0.0885623, 0.0125, 0.08944, -0.00441998, -0.0293958, 0.0134852, 0.0323414, -0.0165512
-0.189275, 0.0107789, 0.189582, -0.00335919, -0.14922, 0.0117443, 0.149682, -0.0250643
-0.275627, 0.00773644, 0.275736, -0.00608974, -0.167412, 0.00827312, 0.167617, -0.0146408
-0.122521, -0.00338364, 0.122567, 0.0034548, -0.113586, 0.00630498, 0.113761, -0.0111048
-0.38745, -0.00617695, 0.387499, 0.00390878, -0.106183, 0.00562096, 0.106331, -0.013374
0.0670216, 0.0123651, 0.0681527, -0.00673442, -0.00828552, 0.00879192, 0.0120809, -0.0175749
0.487388, 0.0159297, 0.487648, -0.0043293, -0.140935, 0.0043416, 0.141002, -0.0166505
0.034891, 0.00346398, 0.0350625, 0.000430215, -0.120777, 0.00376797, 0.120835, -0.00213916
0.0245428, 0.00119996, 0.0245721, -0.00667483, -0.137008, 0.00643063, 0.137159, -0.00384259
-0.466471, -0.00364137, 0.466485, 0.00179858, -0.238465, 0.00296235, 0.238484, -0.0070588
-0.00353301, 0.00463295, 0.00582635, -0.00267446, -0.0807401, 0.00519896, 0.0809073, -0.0096928
-0.326237, -0.000827074, 0.326238, -0.000206843, -0.0240867, 0.00859141, 0.0255731, -0.00841778
-0.0518699, 0.0096004, 0.0527508, -0.00538054, -0.267005, 0.0046792, 0.267046, -0.0057698
-0.0710772, -0.0100024, 0.0717776, 0.00300278, -0.0902808, 0.00782013, 0.0906188, -0.00909554
-0.332675, -0.000283003, 0.332675, -0.0030461, -0.16398, 0.00649858, 0.164109, -0.011857
-0.368265, 0.00443411, 0.368292, -0.00120912, -0.176395, 0.00629139, 0.176507, -0.0136872
-0.543193, -0.0110631, 0.543306, 0.00635982, -0.272348, 0.00126529, 0.272351, -0.0169565
-0.0251212, 0.00778031, 0.0262984, -0.00144124, -0.142434, 0.000975609, 0.142438, -0.00456117
0.10994, 0.0105758, 0.110448, -0.00510822, -0.152885, 0.00179458, 0.152895, 0.00170271
-0.337272, -0.00747013, 0.337354, 0.0053175, -0.341948, -0.00439501, 0.341977, 0.0149884
0.0694474, 0.00953674, 0.0700991, -0.000797629, -0.270365, -0.00122428, 0.270368, 0.0171532
0.0558234, -0.00823474, 0.0564275, 0.00465763, -0.220918, -0.00104213, 0.220921, 0.00723709
-0.117376, -0.00946259, 0.117757, 0.00529636, -0.198105, -0.00281549, 0.198125, -0.00133574
-0.462134, -0.00575614, 0.46217, 0.00386734, -0.123178, 0.000489473, 0.123179, 0.00657487
0.0126922, -0.0146782, 0.0194047, -0.00204819, -0.137578, -0.00184608, 0.13759, -0.000778392
-0.0324316, 0.00102162, 0.0324476, 0.00385095, -0.175312, -0.00324559, 0.175342, 0.00332543
-0.0458225, -0.0174799, 0.0490434, 0.00231464, -0.332235, -0.00926399, 0.332364, 0.0060175
-0.032805, -0.0163407, 0.0366495, -0.00475893, -0.312958, -0.00816798, 0.313064, 0.00698494
-6.21974e-05, 0.00559902, 0.00559937, 0.00258562, -0.255808, -0.00367522, 0.255834, 0.000167657
-0.0136143, -0.0195572, 0.0238293, -0.00963885, -0.275325, -0.00622797, 0.275395, 3.91677e-05
0.0475398, -0.0128694, 0.0492509, 0.0105091, -0.202298, -0.00589418, 0.202384, 0.00437058
0.0442817, 0.000313282, 0.0442828, -0.00144237, -0.0557185, 0.00257015, 0.0557777, 0.00235043
0.0156221, 0.0022037, 0.0157767, 0.00226963, -0.122859, -0.00492096, 0.122958, 0.0125507
0.000395179, 0.00267601, 0.00270503, -0.00662749, -0.142984, -0.00746751, 0.143179, 0.0147832
0.00817525, 0.00143385, 0.00830004, -0.00682645, -0.0806744, -0.00382471, 0.080765, 0.00510582
0.00179791, 0.000120163, 0.00180193, 0.000388946, -0.0865254, -0.00416636, 0.0866257, 0.0121509
-0.00782573, 0.00134277, 0.0079401, 0.00500252, -0.0799108, -0.00277853, 0.079959, 0.0139883
0.00702691, 0.00327921, 0.0077544, -0.0145773, -0.0508209, 0.00102615, 0.0508313, -0.00222627
-0.0184829, -0.0113478, 0.0216885, 0.013731, -0.136177, -0.00423765, 0.136243, 0.0254264
0.000130773, -0.0013566, 0.00136289, 0.000119042, -0.0931671, -0.00124836, 0.0931754, 0.00247402
-0.0114107, -0.00769234, 0.0137614, 0.00331986, -0.0375606, -0.000725508, 0.0375676, 0.00213328
0.025703, -0.00511789, 0.0262075, -0.0101677, 0.0429344, 0.00192475, 0.0429775, 0.00810165
-0.0218511, -0.00805163, 0.0232873, -0.000704598, 0.0638874, 0.00483537, 0.0640701, 0.0125305
-0.0230644, -0.00759625, 0.0242831, 0.0151069, 0.0301201, 0.00286984, 0.0302565, 0.011878
0.0127826, -0.000923872, 0.0128159, 0.00146851, -0.00616336, 0.00181484, 0.006425, 0.00593977
0.0306573, 0.0106578, 0.032457, -0.00823523, 0.00433683, 0.00400066, 0.00590029, -0.0121878
0.00775146, 0.00906038, 0.0119237, -0.00876468, -0.00772047, 0.000224113, 0.00772372, -0.00228092
-0.0330546, 3.57628e-06, 0.0330546, 0.0216391, 0.0507846, 0.00271034, 0.0508569, -0.0177781
0.00671649, 0.00958824, 0.0117066, -0.00279211, -0.0316632, -0.00610161, 0.0322457, -0.0232641
0.00668859, -0.00824881, 0.0106198, -0.00577034, -0.0270166, -0.00754833, 0.0280513, -0.016469
-0.022918, -0.00707102, 0.023984, 0.0102415, 0.0244715, -0.0113683, 0.0269832, -0.0122883
0.00867796, -0.00762296, 0.0115506, -0.00237029, 0.0867047, 0.00590706, 0.0869057, -0.00768103
0.0384719, -0.00195622, 0.0385216, -0.00256162, 0.074924, 0.011318, 0.075774, -0.00133669
0.0176823, -0.00265265, 0.0178802, -0.00842756, 0.0093441, 0.00122976, 0.00942468, -0.0165882
0.0277441, -0.00418806, 0.0280584, -0.0111693, 0.0169022, -0.00299954, 0.0171663, -0.00435124
0.0746756, -0.0328708, 0.08159, 0.0611853, 0.0963333, -0.0030241, 0.0963807, 0.0975579
-0.0209701, -0.00592995, 0.0217924, 0.0612822, 0.0692513, -0.00499201, 0.069431, 0.0777555
0.0553854, -0.00132346, 0.0554012, 0.0477554, 0.061749, -0.00406718, 0.0618828, 0.107421
0.0142968, 0.00547338, 0.0153087, 0.0350771, 0.06252, -0.00550532, 0.0627619, 0.0753953
0.0192437, 0.0359619, 0.040787, 0.0371536, 0.0527492, -0.00509453, 0.0529946, 0.0961513
-1.28746e-05, -0.0156746, 0.0156746, 0.048699, 0.0194657, -0.000422239, 0.0194703, 0.0827076
-0.0119231, -0.00882769, 0.0148354, 0.00438958, 0.0196254, -0.00385523, 0.0200005, 0.0381402
0.0224404, 0.0191767, 0.0295181, 0.00837022, 0.00149131, 0.0124311, 0.0125203, 0.0785025
-0.00924969, 0.00863361, 0.0126529, 0.00686842, -0.00683641, 0.0197959, 0.0209431, 0.0561328
-0.020056, -0.0137863, 0.0243373, 0.0121973, -0.00562263, 0.0147796, 0.015813, -0.0347924
0.0105, -0.0178089, 0.0206738, -0.0055083, -0.00487185, 0.0101082, 0.011221, 0.0580182
0.0113213, 0.000304699, 0.0113254, -0.00854421, -0.00457144, 0.00889492, 0.0100009, -0.00132096
0.0225942, -0.022949, 0.0322049, -0.00329113, 0.00192547, -0.00926518, 0.00946314, -0.0127577
-0.0106933, 0.0400393, 0.0414426, 0.00853634, 0.0094943, -0.0148501, 0.0176258, -0.0255176
0.023859, -0.0515759, 0.0568272, -0.00541472, 0.0199661, -0.0456653, 0.0498394, -0.00144935
0.0115268, 0.0160365, 0.0197494, -0.0103971, 0.0236838, -0.0492663, 0.0546635, -0.030277
0.00995803, 0.0352323, 0.0366125, -0.0088352, 0.0216568, 0.0434687, 0.0485648, -0.0967586
0.0122681, -0.02337, 0.0263944, -0.0236012, 0.00557184, 0.00334358, 0.00649807, -0.0922058
-0.0618768, 0.0326724, 0.069973, 0.018941, -0.00180078, -0.0750394, 0.075061, -0.0841273
0.0361247, -0.16466, 0.168577, -0.0378473, -0.00175738, -0.0332744, 0.0333208, -0.0742805
0.0341871, -0.0141799, 0.0370112, -0.00883985, -0.00100327, 0.0397475, 0.0397601, -0.0622499
0.0254493, 0.03425, 0.04267, -0.000252604, -0.00675774, 0.0239081, 0.0248448, -0.0423712
0.0224295, -0.00603223, 0.0232265, -0.0171427, -0.026933, 0.0664697, 0.0717189, -0.012123
0.0149081, -0.0264001, 0.0303186, -0.00671351, -0.0261478, 0.00562811, 0.0267467, 0.000268579
0.0137026, -0.0151567, 0.0204325, -0.000333071, -0.0239038, -0.0231864, 0.0333017, 0.00142241
0.00701976, 0.163779, 0.163929, -0.00267518, -0.0162406, -0.0557163, 0.058035, -0.0020957
-0.00763655, -0.00154185, 0.00779065, -0.00125229, -0.0120571, -0.0856564, 0.0865008, 0.00280929
-0.00495195, -0.0772281, 0.0773867, -0.00128472, -0.0116363, -0.091085, 0.0918252, -0.00270855
-0.0304899, 0.0248249, 0.039318, 0.0110044, -0.0166907, -0.0127249, 0.0209882, 0.00808227
-0.0198479, -0.00817299, 0.0214648, 0.00363731, -0.0184155, -0.0479786, 0.0513914, 0.0144502
-0.0216522, 0.0308936, 0.0377257, 0.00854492, -0.0220923, -0.0614591, 0.0653092, 0.0140083
-0.0202093, 0.0556179, 0.0591758, 0.00590837, -0.0194905, -0.0106337, 0.0222026, 0.0107716
-0.0224395, 0.187067, 0.188408, 0.00658178, -0.0175204, 0.0642179, 0.0665651, 0.00964224
-0.00788879, 0.236609, 0.23674, 0.00460207, -0.0180035, 0.100497, 0.102097, 0.0187707
-0.0124936, -0.20187, 0.202256, 0.00379634, -0.0126936, -0.0603043, 0.0616258, 0.0164161
-0.00652313, -0.067852, 0.0681649, 0.00265455, -0.00987411, -0.00980425, 0.0139148, -0.00830746
-0.00862145, -0.0102873, 0.0134223, 0.0023849, -0.0161877, 0.0272826, 0.0317235, 0.0216372
-0.0129652, -0.0211554, 0.0248122, 0.00777137, -0.0110409, 0.0301411, 0.0320997, 0.0159448
-0.0151553, 0.113461, 0.114469, 0.0050925, -0.00472951, -0.158957, 0.159028, 0.0166452
-0.010057, 0.251186, 0.251387, 0.00308514, -0.00752807, -0.135615, 0.135824, 0.0157965
-0.00976753, 0.243574, 0.24377, 0.00152314, -0.00579667, -0.0875072, 0.087699, 0.0117656
-0.00312543, -0.121564, 0.121604, 0.000844479, -0.00688028, 0.0456976, 0.0462127, -0.000808477
-0.0193498, 0.111982, 0.113642, 0.00743997, -0.00961757, 0.0592729, 0.0600481, 0.00592303
-0.0190687, 0.00494057, 0.0196984, 0.00341547, -0.00866532, 0.0707723, 0.0713008, 0.0128642
0.0136542, -0.378191, 0.378437, -0.00487292, -0.000901937, -0.0503843, 0.0503924, 0.00360358
0.00269008, 0.329016, 0.329027, -0.00107682, -0.00287366, -0.0838092, 0.0838584, 0.0118796
0.00360298, 0.25804, 0.258065, -0.00459075, 0.00169921, -0.150809, 0.150819, 0.00697911
-0.0176575, -0.196591, 0.197382, 0.00594008, -0.00349379, 0.0887059, 0.0887747, 0.00620258
-0.00316072, 0.162678, 0.162709, 0.00114036, -0.00349021, 0.0370938, 0.0372577, 0.00498486
-0.0139849, -0.0168786, 0.0219195, 0.00907028, 0.00111866, -0.0191572, 0.0191898, 0.013658
0.00857854, 0.0516884, 0.0523954, -0.0106964, -0.000798702, -0.0535757, 0.0535817, 0.011181
-0.0137513, 0.0256803, 0.0291303, -0.00493813, -0.00363994, -0.0271171, 0.0273603, 0.000470757
-0.00917411, 0.0467332, 0.0476251, 0.0159789, -0.00257516, -0.00245422, 0.00355734, 0.00213408
-0.0153041, -0.0289999, 0.0327904, -0.00114202, -0.00114584, -0.0462445, 0.0462587, 0.00507152
0.0146723, 0.0120462, 0.0189839, -0.00730991, 0.000361443, -0.00363415, 0.00365208, -0.00573397
0.0143368, -0.0076462, 0.0162484, -0.00408912, 0.000103951, 0.0658473, 0.0658474, -0.00360394
0.013782, 0.00470066, 0.0145616, -0.00687551, -3.17097e-05, 0.0846799, 0.0846799, -0.000209212
0.00740457, 0.0128475, 0.0148285, -0.00469935, 0.00177979, 0.0377429, 0.0377849, 0.0118319
0.000454426, 0.0097546, 0.00976518, 0.00260484, 0.00219893, -0.00256747, 0.00338042, -0.00106192
0.0133834, 0.0163698, 0.0211444, 0.000889421, 0.00364733, 0.0620712, 0.0621783, 0.00625718
-0.0113029, -0.0117303, 0.0162898, 0.00913608, 2.55108e-05, 0.105264, 0.105264, 0.00563931
0.012105, 0.0680956, 0.0691631, -0.0105042, 0.00117707, 0.125243, 0.125249, 0.00811422
0.0107419, -0.0250669, 0.0272715, -0.00550961, -0.000905752, 0.126554, 0.126557, 0.0110532
-0.00965691, -0.00435674, 0.0105942, 0.00721729, 0.000596762, 0.0630208, 0.0630237, 0.0122741
-0.00930238, 0.0304654, 0.0318539, 0.00669587, 0.00159645, 0.11913, 0.119141, 0.000162482
-0.0154777, -0.00547874, 0.0164187, -0.00356364, 0.000194311, 0.0517176, 0.051718, 0.0045104
0.0129161, -0.0222303, 0.0257101, -0.00950992, -0.00669575, 0.0763634, 0.0766564, 0.019376
-0.0133281, -0.032937, 0.0355315, 0.00385654, 0.000717163, 0.0377461, 0.0377529, 0.00647759
-0.00582123, -0.018484, 0.019379, -0.00300229, -0.0043087, 0.0225052, 0.0229139, 0.0113499
-0.0132945, 0.0023303, 0.0134971, -0.00677395, -0.0108609, 0.0495579, 0.0507341, 0.0133275
0.0103614, -0.00471568, 0.0113841, 0.0100749, -0.00904202, -0.0358391, 0.0369621, 0.00822318
0.0127549, -0.0399957, 0.0419803, -0.00729728, -0.00527263, -0.02949, 0.0299576, -0.0153146
-0.0154643, 0.00498867, 0.016249, -0.000927091, -0.00975394, -0.0143461, 0.0173479, -0.0141988
-0.0227218, 0.0380168, 0.0442895, 0.0140705, -0.0138316, -0.000937939, 0.0138634, -0.0173833
-0.0218756, 0.015126, 0.0265958, 0.0115075, -0.0147235, -0.0380416, 0.0407915, -0.0078553
-0.0186977, -0.00151706, 0.0187592, 0.00155628, -0.0197875, -0.0271797, 0.0336197, 0.0100917
-0.0462654, 0.0133176, 0.048144, 0.00399232, -0.0213277, -0.0144362, 0.0257542, 0.00621307
-0.0466089, 0.00920415, 0.047509, 0.0215781, -0.0184343, -0.058708, 0.0615341, -0.00191963
0.00780582, -0.048419, 0.0490442, -0.0217365, -0.0180659, -0.0286572, 0.0338764, 0.003003
0.00543737, -0.0143855, 0.0153788, -0.00837541, -0.0107253, 0.00739121, 0.0130254, -0.00208509
0.00924039, 0.0350468, 0.0362445, 0.0170108, -0.0141652, -0.030632, 0.0337487, 0.0109352
0.013525, -0.0206449, 0.0246807, 0.00497615, -0.0132349, -0.0319073, 0.0345433, 0.00935316
-0.0223534, 0.0267572, 0.0348658, 0.0132179, -0.0164042, 0.0601852, 0.0623807, 0.00640666
-0.0279288, -0.0214775, 0.0352321, 0.00482035, -0.0160382, 0.0502155, 0.0527145, 0.0107682
-0.0547676, 0.000770807, 0.054773, 0.0208913, -0.012876, -0.0138929, 0.0189421, 0.0695999
-0.0296853, -0.0226862, 0.0373615, 0.0837474, -0.0147452, -0.00651622, 0.0161209, 0.142418
0.00238061, 0.0436349, 0.0436998, 0.0456736, -0.0118275, -0.013221, 0.0177393, 0.0954748
0.000589848, 0.00970554, 0.00972345, 0.0448185, -0.0145924, -0.0378723, 0.0405863, 0.0913882
0.0168707, 0.0396261, 0.043068, 0.013535, -0.00574136, -0.0331254, 0.0336193, 0.0720582
0.022341, 0.0525713, 0.0571215, 0.0262182, -0.00100398, -0.0081923, 0.00825359, 0.101415
0.00826383, 0.0298145, 0.0309386, 0.0163205, 0.00835109, 0.0331748, 0.0342097, 0.079845
-0.0129795, -0.003052, 0.0133335, 0.0681775, 0.0183253, 0.0445995, 0.0482176, 0.155691
0.00121689, 0.0115051, 0.0115693, 0.0478122, 0.0121233, 0.0349028, 0.0369484, 0.118056
-0.00399899, -0.00185251, 0.00440724, 0.0376852, 0.0105355, 0.0359926, 0.0375029, 0.107221
-0.0448339, -0.0369003, 0.0580664, -0.0152597, -0.000154257, 0.0145123, 0.0145131, 0.0320864
0.0230663, 0.0205045, 0.0308624, 0.00190949, -0.0113876, -0.000230551, 0.0113899, -0.0234671
-0.112554, 0.000539303, 0.112555, -0.00533104, -0.0125573, -0.00184226, 0.0126917, 0.0379951
0.0890236, 0.0488403, 0.101541, 0.0318666, -0.000799179, 0.0202813, 0.0202971, 0.0652657
0.0546651, 0.0320206, 0.0633529, 0.0148954, 0.0308745, 0.0298426, 0.0429397, 0.0620914
0.0868495, 0.022167, 0.0896337, 0.00685859, 0.0585294, 0.0163591, 0.0607726, -0.0316279
0.056627, 0.019731, 0.0599661, 0.012038, 0.0154245, 0.0248632, 0.0292591, -0.0231488
0.206045, 0.0393064, 0.20976, 0.0131412, 0.171679, 0.034611, 0.175134, 0.00414872
-0.00165057, 0.0180938, 0.018169, 0.00666952, 0.111083, 0.0288119, 0.114759, 0.0101309
0.0631382, 0.029963, 0.0698872, 0.0121222, 0.0706925, 0.0293827, 0.0765557, 0.0109861
0.00346565, 0.0271306, 0.0273511, 0.00506568, 0.0443006, 0.0242221, 0.0504901, 0.0096736
0.0493991, 0.0259395, 0.0557954, 0.0118632, 0.0119383, 0.0246613, 0.027399, 0.0154452
-0.00849819, 0.0132618, 0.015751, -0.00153613, 0.0194499, 0.0220709, 0.0294181, 0.0192575
0.0247762, 0.0252082, 0.0353457, 0.0200274, 0.124504, 0.0238276, 0.126763, 0.0280204
-0.0631163, -0.00590491, 0.0633919, 0.000600815, 0.158579, 0.0204253, 0.159889, 0.0197351
0.000795841, 0.0165336, 0.0165528, 0.00785494, 0.00246286, 0.0141029, 0.0143164, 0.0099895
-0.00782919, -0.0037775, 0.00869286, -0.00693846, 0.167297, 0.0159822, 0.168059, 0.0113583
0.0265625, 0.016001, 0.0310096, 0.00864482, 0.0342629, 0.0114872, 0.0361373, 0.000738859
0.00143123, 0.0068078, 0.00695662, 0.00331116, -0.00340652, 0.00964999, 0.0102336, 0.00676036
0.157114, 0.0109673, 0.157496, 0.00633979, 0.0838399, 0.0113511, 0.0846048, 0.0109086
-0.10365, -0.000696898, 0.103652, 0.00259948, -0.00305295, 0.00596356, 0.0066996, 0.00582981
0.0794822, 0.00418377, 0.0795922, 0.00235391, 0.0840816, 0.0104616, 0.08473, 0.0179911
-0.0504668, -0.00433254, 0.0506524, -0.00212383, 0.0159211, 0.00428319, 0.0164872, -0.00433898
0.218458, 0.00786757, 0.218599, 0.00316525, 0.0838352, 0.00491285, 0.0839791, -0.000392914
-0.104434, -0.000504971, 0.104435, -0.00177097, -0.0432785, 0.00097394, 0.0432894, 0.00408077
-0.0519334, 0.0128489, 0.0534993, 0.00333476, -0.0719405, 0.00225616, 0.0719759, 0.0150294
0.0423497, 0.00622702, 0.0428051, 0.00372052, 0.0547271, 0.0037787, 0.0548574, 0.00941777
-0.00499868, -0.00381923, 0.00629073, -0.000734091, -0.0625454, -0.00623989, 0.0628559, -0.00897336
-0.180424, -0.00855398, 0.180627, 0.000423193, -0.0436554, -0.0070734, 0.0442247, -0.00844693
0.0653532, 0.00517058, 0.0655574, 0.00432992, -0.00345111, -0.00994778, 0.0105294, -0.00664973
-0.107952, 0.000526428, 0.107953, -0.00342011, -0.0961348, -0.00920272, 0.0965743, -0.0142608
-0.0116634, 0.00310946, 0.0120708, -0.000204325, -0.0775262, -0.00776577, 0.0779141, -0.00582457
0.0329921, -0.0100574, 0.0344911, -0.00479293, -0.0275849, -0.00341225, 0.0277951, -0.00688934
-0.160904, -0.00192857, 0.160916, 0.000435591, -0.00113064, 4.45843e-05, 0.00113152, -0.000596523
-0.0293756, 0.00885105, 0.03068, -0.000900984, 0.0444576, -0.00101662, 0.0444692, 0.000849247
-0.0525758, 0.00150895, 0.0525974, -0.00220108, -0.00980169, -0.00418663, 0.0106584, 0.00348973
0.173384, -0.00902367, 0.173619, 0.000281811, 0.0681637, -0.00593114, 0.0684213, 0.00613523
-0.0958767, -0.00998759, 0.0963955, -0.0018332, 0.0874608, -0.00636578, 0.0876921, 0.00464988
-0.243065, -0.00852132, 0.243214, -0.0139392, 0.0115666, -0.00805593, 0.0140955, 0.00977826
-0.070208, -0.0171249, 0.0722663, -0.00635028, 0.0336596, -0.00775409, 0.0345412, 0.0132353
-0.038993, 0.00221276, 0.0390558, -0.00218344, -0.0151674, -0.0116158, 0.0191043, 0.00649405
0.0562257, -0.02514, 0.0615902, -0.00603366, -0.106447, -0.015223, 0.10753, 0.00315022
-0.0221654, 0.0119851, 0.0251981, 0.00282645, 0.00486265, -0.0154603, 0.0162069, 0.00426841
0.0132839, -0.0245535, 0.0279166, -0.0111566, 0.00683953, -0.013859, 0.0154548, -0.00754714
-0.00937355, -0.0206246, 0.0226548, -0.00458336, 0.0182108, -0.0130544, 0.0224065, -0.00511003
0.0364171, -0.0191991, 0.0411681, -0.0127788, 0.024714, -0.0127664, 0.0278166, 0.00619149
-0.0356582, -0.0171878, 0.0395844, -0.0095458, 0.0741247, -0.00659299, 0.0744173, 0.00510454
-0.0068543, -0.0171289, 0.0184494, -0.00986576, 0.0550194, -0.0109928, 0.0561068, -0.000149727
-0.0195375, -0.00900006, 0.0215108, -0.00899386, 0.0180096, -0.00916433, 0.0202072, -0.00119328
0.0499143, 0.00452423, 0.0501189, 0.0103226, 0.130305, -0.00515485, 0.130407, 0.00748539
0.0328358, 0.00635576, 0.0334452, 0.000337362, 0.0393299, -0.00874662, 0.0402908, 0.00232744
-0.0234574, -0.0156398, 0.0281931, -0.0150139, 0.0357046, -0.0103378, 0.0371711, -0.00550389
-0.0100458, -0.0138538, 0.0171127, -0.0103712, 0.0262239, -0.00936794, 0.0278469, 0.00757265
0.00566304, -0.0271268, 0.0277116, -0.017313, 0.0666029, -0.0143065, 0.0681222, -0.00786901
0.029386, -0.0194497, 0.0352396, -0.00963688, 0.0393213, -0.0155964, 0.0423014, -0.0133727
0.0264049, 0.0114708, 0.0287888, 0.01741, 0.0126141, -0.010551, 0.016445, 0.00152469
-0.0249681, -0.00947213, 0.0267045, -0.00617099, -0.0407338, -0.0104318, 0.0420484, -0.0193574
0.0431181, -0.0193748, 0.0472711, -0.00992966, 0.0700403, -0.00861168, 0.0705678, -0.0200021
0.00920558, -0.00628448, 0.0111462, -0.00458908, 0.0498294, -0.00687647, 0.0503016, -0.0118968
0.0306295, -0.00650525, 0.0313127, -0.00525784, 0.0070616, -0.0112314, 0.0132669, -0.016
-0.00563288, -0.0132208, 0.0143708, -0.00546002, -0.0591136, -0.00957441, 0.059884, -0.0250938
-0.00285459, 0.00562763, 0.00631022, 0.00663066, 0.0272591, -0.00426984, 0.0275915, 0.00432205
-0.00505042, 0.00498724, 0.00709784, -0.0106609, -0.032645, -0.0131109, 0.0351794, -0.00743842
-0.00598764, 0.00646019, 0.00880829, 0.00416231, -0.0185471, -0.0123572, 0.0222866, -0.00864697
-0.0305486, 0.00483632, 0.030929, 0.000391722, 0.00487828, -0.00807786, 0.0094366, -0.00110316
-0.0228896, -0.0153065, 0.0275358, -0.00120306, -0.034862, -0.011054, 0.0365726, -0.00656581
-0.000172853, 0.0007236, 0.00074396, 0.00868368, 0.0172379, -0.0082438, 0.0191077, -0.00901175
0.0410142, -0.013515, 0.0431836, 0.0192492, 0.0296545, -0.0069623, 0.0304608, -0.00443554
0.00317287, -0.0348682, 0.0350123, 0.00222921, 0.0909638, -0.00595856, 0.0911588, 0.0163376
-0.14507, -0.040729, 0.150679, 0.0146055, -0.0527916, -0.00801539, 0.0533966, 0.005656
0.00225091, -0.0402467, 0.0403096, -0.00433993, 0.0744958, -0.0110896, 0.0753167, 0.0130241
0.0228622, 0.00923347, 0.0246564, -0.00142455, 0.0349169, -0.0043838, 0.035191, -0.000380516
-0.00223708, 0.0092504, 0.00951706, -0.00104356, 0.0141499, -0.00204754, 0.0142973, 0.00255728
0.0519812, 0.0107975, 0.0530908, 0.0961924, -0.0744729, -0.00081563, 0.0744774, 0.110864
-0.0493231, 0.0131264, 0.0510399, 0.0697398, -0.0407283, -0.000348091, 0.0407298, 0.108871
-0.0413926, 0.00940347, 0.0424473, 0.0386801, -0.0227375, 0.00419712, 0.0231216, 0.0701513
-0.00816894, 0.00198197, 0.00840593, 0.0176835, -0.00743842, 0.00271583, 0.0079187, 0.0645952
0.00212288, -0.0187378, 0.0188577, 0.00905824, 0.00689459, -0.00265455, 0.00738796, 0.07093
0.0462687, 0.0110271, 0.0475646, -0.0377336, 0.0129104, 0.00164056, 0.0130142, -0.10111
-0.0178683, -0.0274518, 0.0327548, -0.0148447, 0.000234604, 0.00805068, 0.0080541, -0.0159185
0.027096, 0.0241463, 0.0362938, 0.00512195, -0.0064683, 0.0186286, 0.0197196, -0.0163217
